-- phpMyAdmin SQL Dump
-- version 5.1.3
-- https://www.phpmyadmin.net/
--
-- Хост: localhost
-- Время создания: Апр 03 2022 г., 10:42
-- Версия сервера: 5.7.35-38
-- Версия PHP: 7.1.33

SET SQL_MODE = "NO_AUTO_VALUE_ON_ZERO";
SET time_zone = "+00:00";


/*!40101 SET @OLD_CHARACTER_SET_CLIENT=@@CHARACTER_SET_CLIENT */;
/*!40101 SET @OLD_CHARACTER_SET_RESULTS=@@CHARACTER_SET_RESULTS */;
/*!40101 SET @OLD_COLLATION_CONNECTION=@@COLLATION_CONNECTION */;
/*!40101 SET NAMES utf8mb4 */;

--
-- База данных: `cp95107_euro`
--

-- --------------------------------------------------------

--
-- Структура таблицы `polls`
--

CREATE TABLE IF NOT EXISTS `polls` (
  `id` int(10) UNSIGNED NOT NULL AUTO_INCREMENT,
  `title` varchar(255) NOT NULL,
  PRIMARY KEY (`id`)
) ENGINE=InnoDB AUTO_INCREMENT=24 DEFAULT CHARSET=utf8;

--
-- Дамп данных таблицы `polls`
--

INSERT INTO `polls` (`id`, `title`) VALUES
(6, 'Киль Анна'),
(7, 'Матвеев Никита'),
(8, 'Дугина Дарья '),
(9, 'Молодина Анна'),
(10, 'Эстрадно-вокальный коллектив НГАУ'),
(12, 'Дудина Валерия'),
(13, 'Трагикомедия '),
(14, 'Вокально-инструментальный ансамбль НГАУ'),
(15, 'Снимки'),
(16, 'Септима '),
(17, 'Рябцева Екатерина'),
(18, 'Чжан Денис Лэй'),
(19, 'Шпедт Дарья'),
(20, 'Камзычакова Юлия'),
(21, 'Народный коллектив вокальная группа “Триумф”'),
(22, 'Трио Лароль'),
(23, 'Захожая Ирина ');

-- --------------------------------------------------------

--
-- Структура таблицы `poll_answer`
--

CREATE TABLE IF NOT EXISTS `poll_answer` (
  `id` int(10) UNSIGNED NOT NULL AUTO_INCREMENT,
  `poll_id` int(10) UNSIGNED NOT NULL,
  `title` varchar(255) NOT NULL,
  `votes` int(10) UNSIGNED NOT NULL DEFAULT '0',
  PRIMARY KEY (`id`)
) ENGINE=InnoDB AUTO_INCREMENT=253 DEFAULT CHARSET=utf8;

--
-- Дамп данных таблицы `poll_answer`
--

INSERT INTO `poll_answer` (`id`, `poll_id`, `title`, `votes`) VALUES
(55, 6, '12', 1),
(56, 6, '10', 1),
(57, 6, '8', 0),
(58, 6, '7', 0),
(59, 6, '6', 1),
(60, 6, '5', 1),
(61, 6, '4', 0),
(62, 6, '3', 0),
(63, 6, '2', 3),
(64, 6, '1', 0),
(65, 6, '0', 2),
(66, 7, '12', 0),
(67, 7, '10', 1),
(68, 7, '8', 0),
(69, 7, '7', 0),
(70, 7, '6', 3),
(71, 7, '5', 0),
(72, 7, '4', 1),
(73, 7, '3', 2),
(74, 7, '2', 1),
(75, 7, '1', 0),
(76, 7, '0', 4),
(77, 8, '12', 0),
(78, 8, '10', 0),
(79, 8, '8', 1),
(80, 8, '7', 0),
(81, 8, '6', 0),
(82, 8, '5', 0),
(83, 8, '4', 1),
(84, 8, '3', 1),
(85, 8, '2', 1),
(86, 8, '1', 4),
(87, 8, '0', 3),
(88, 9, '12', 0),
(89, 9, '10', 0),
(90, 9, '8', 4),
(91, 9, '7', 0),
(92, 9, '6', 0),
(93, 9, '5', 2),
(94, 9, '4', 0),
(95, 9, '3', 1),
(96, 9, '2', 2),
(97, 9, '1', 0),
(98, 9, '0', 2),
(99, 10, '12', 2),
(100, 10, '10', 0),
(101, 10, '8', 0),
(102, 10, '7', 0),
(103, 10, '6', 0),
(104, 10, '5', 0),
(105, 10, '4', 3),
(106, 10, '3', 0),
(107, 10, '2', 1),
(108, 10, '1', 0),
(109, 10, '0', 2),
(121, 12, '12', 1),
(122, 12, '10', 3),
(123, 12, '8', 2),
(124, 12, '7', 0),
(125, 12, '6', 0),
(126, 12, '5', 0),
(127, 12, '4', 2),
(128, 12, '3', 1),
(129, 12, '2', 1),
(130, 12, '1', 0),
(131, 12, '0', 1),
(132, 13, '12', 0),
(133, 13, '10', 0),
(134, 13, '8', 0),
(135, 13, '7', 0),
(136, 13, '6', 0),
(137, 13, '5', 0),
(138, 13, '4', 1),
(139, 13, '3', 1),
(140, 13, '2', 0),
(141, 13, '1', 2),
(142, 13, '0', 4),
(143, 14, '12', 1),
(144, 14, '10', 1),
(145, 14, '8', 0),
(146, 14, '7', 0),
(147, 14, '6', 1),
(148, 14, '5', 0),
(149, 14, '4', 0),
(150, 14, '3', 1),
(151, 14, '2', 1),
(152, 14, '1', 0),
(153, 14, '0', 5),
(154, 15, '12', 6),
(155, 15, '10', 0),
(156, 15, '8', 1),
(157, 15, '7', 2),
(158, 15, '6', 1),
(159, 15, '5', 0),
(160, 15, '4', 0),
(161, 15, '3', 0),
(162, 15, '2', 0),
(163, 15, '1', 0),
(164, 15, '0', 1),
(165, 16, '12', 0),
(166, 16, '10', 1),
(167, 16, '8', 0),
(168, 16, '7', 1),
(169, 16, '6', 2),
(170, 16, '5', 0),
(171, 16, '4', 0),
(172, 16, '3', 0),
(173, 16, '2', 0),
(174, 16, '1', 1),
(175, 16, '0', 5),
(176, 17, '12', 0),
(177, 17, '10', 0),
(178, 17, '8', 2),
(179, 17, '7', 0),
(180, 17, '6', 0),
(181, 17, '5', 4),
(182, 17, '4', 0),
(183, 17, '3', 0),
(184, 17, '2', 1),
(185, 17, '1', 0),
(186, 17, '0', 2),
(187, 18, '12', 0),
(188, 18, '10', 0),
(189, 18, '8', 0),
(190, 18, '7', 4),
(191, 18, '6', 0),
(192, 18, '5', 1),
(193, 18, '4', 0),
(194, 18, '3', 1),
(195, 18, '2', 2),
(196, 18, '1', 3),
(197, 18, '0', 1),
(198, 19, '12', 0),
(199, 19, '10', 1),
(200, 19, '8', 1),
(201, 19, '7', 0),
(202, 19, '6', 1),
(203, 19, '5', 2),
(204, 19, '4', 0),
(205, 19, '3', 1),
(206, 19, '2', 0),
(207, 19, '1', 0),
(208, 19, '0', 5),
(209, 20, '12', 0),
(210, 20, '10', 0),
(211, 20, '8', 1),
(212, 20, '7', 2),
(213, 20, '6', 0),
(214, 20, '5', 0),
(215, 20, '4', 0),
(216, 20, '3', 0),
(217, 20, '2', 0),
(218, 20, '1', 1),
(219, 20, '0', 3),
(220, 21, '12', 0),
(221, 21, '10', 2),
(222, 21, '8', 0),
(223, 21, '7', 0),
(224, 21, '6', 1),
(225, 21, '5', 0),
(226, 21, '4', 1),
(227, 21, '3', 0),
(228, 21, '2', 0),
(229, 21, '1', 0),
(230, 21, '0', 5),
(231, 22, '12', 0),
(232, 22, '10', 1),
(233, 22, '8', 0),
(234, 22, '7', 3),
(235, 22, '6', 1),
(236, 22, '5', 1),
(237, 22, '4', 4),
(238, 22, '3', 3),
(239, 22, '2', 0),
(240, 22, '1', 0),
(241, 22, '0', 1),
(242, 23, '12', 0),
(243, 23, '10', 0),
(244, 23, '8', 0),
(245, 23, '7', 1),
(246, 23, '6', 1),
(247, 23, '5', 2),
(248, 23, '4', 1),
(249, 23, '3', 2),
(250, 23, '2', 1),
(251, 23, '1', 2),
(252, 23, '0', 3);

-- --------------------------------------------------------

--
-- Структура таблицы `poll_ip`
--

CREATE TABLE IF NOT EXISTS `poll_ip` (
  `id` int(10) UNSIGNED NOT NULL AUTO_INCREMENT,
  `poll_id` int(10) UNSIGNED NOT NULL,
  `ip` int(10) UNSIGNED NOT NULL,
  `date` int(10) UNSIGNED NOT NULL,
  PRIMARY KEY (`id`)
) ENGINE=InnoDB AUTO_INCREMENT=180 DEFAULT CHARSET=utf8;

--
-- Дамп данных таблицы `poll_ip`
--

INSERT INTO `poll_ip` (`id`, `poll_id`, `ip`, `date`) VALUES
(79, 9, 3579306283, 1643118647),
(80, 7, 3579306283, 1643118647),
(81, 8, 3579306283, 1643118647),
(82, 19, 3579306283, 1643118647),
(83, 17, 3579306283, 1643118647),
(84, 13, 3579306283, 1643118647),
(85, 6, 3579306283, 1643118647),
(86, 12, 3579306283, 1643118647),
(87, 23, 3579306283, 1643118647),
(88, 10, 3579306283, 1643118647),
(89, 22, 3579306283, 1643118647),
(90, 14, 3579306283, 1643118647),
(91, 21, 3579306283, 1643118647),
(92, 18, 3579306283, 1643118647),
(93, 16, 3579306283, 1643118647),
(94, 8, 3579281302, 1643118761),
(95, 9, 3579281302, 1643118761),
(96, 7, 3579281302, 1643118761),
(97, 6, 3579281302, 1643118761),
(98, 14, 3579281302, 1643118761),
(99, 12, 3579281302, 1643118761),
(100, 15, 3579281302, 1643118761),
(101, 20, 3579281302, 1643118761),
(102, 19, 3579281302, 1643118761),
(103, 22, 3579281302, 1643118761),
(104, 23, 3579281302, 1643118761),
(105, 13, 2956691279, 1643118848),
(106, 10, 2956691279, 1643118848),
(107, 7, 2956691279, 1643118848),
(108, 6, 2956691279, 1643118848),
(109, 12, 2956691279, 1643118848),
(110, 16, 2956691279, 1643118848),
(111, 18, 2956691279, 1643118848),
(112, 17, 2956691279, 1643118848),
(113, 8, 2956691279, 1643118848),
(114, 15, 2956691279, 1643118848),
(115, 14, 2956691279, 1643118848),
(116, 21, 2956691279, 1643118848),
(117, 23, 2956691279, 1643118848),
(118, 19, 2956691279, 1643118848),
(119, 22, 2956691279, 1643118848),
(120, 7, 1500612615, 1643118901),
(121, 8, 1500612615, 1643118901),
(122, 10, 1500612615, 1643118901),
(123, 15, 1500612615, 1643118901),
(124, 14, 1500612615, 1643118901),
(125, 22, 1500612615, 1643118901),
(126, 23, 1500612615, 1643118901),
(127, 21, 1500612615, 1643118901),
(128, 18, 1500612615, 1643118901),
(129, 16, 1500612615, 1643118901),
(130, 7, 1500612809, 1643118906),
(131, 9, 1500612809, 1643118906),
(132, 12, 1500612809, 1643118906),
(133, 10, 1500612809, 1643118906),
(134, 14, 1500612809, 1643118906),
(135, 15, 1500612809, 1643118906),
(136, 6, 1500612809, 1643118906),
(137, 13, 1500612809, 1643118906),
(138, 16, 1500612809, 1643118906),
(139, 18, 1500612809, 1643118906),
(140, 19, 1500612809, 1643118906),
(141, 20, 1500612809, 1643118906),
(142, 21, 1500612809, 1643118906),
(143, 22, 1500612809, 1643118906),
(144, 23, 1500612809, 1643118906),
(145, 7, 2956690545, 1643118926),
(146, 9, 2956690545, 1643118926),
(147, 12, 2956690545, 1643118926),
(148, 14, 2956690545, 1643118926),
(149, 19, 2956690545, 1643118926),
(150, 18, 2956690545, 1643118926),
(151, 17, 2956690545, 1643118926),
(152, 15, 2956690545, 1643118926),
(153, 22, 2956690545, 1643118926),
(154, 23, 2956690545, 1643118926),
(155, 12, 1500613848, 1643118974),
(156, 8, 1500613848, 1643118974),
(157, 13, 1500613848, 1643118974),
(158, 9, 1500613848, 1643118974),
(159, 22, 1500613848, 1643118974),
(160, 23, 1500613848, 1643118974),
(161, 18, 1500613848, 1643118974),
(162, 12, 2956694780, 1643119345),
(163, 13, 2956694780, 1643119345),
(164, 6, 2956694780, 1643119345),
(165, 7, 2956694780, 1643119345),
(166, 9, 2956694780, 1643119345),
(167, 18, 2956694780, 1643119345),
(168, 15, 2956694780, 1643119345),
(169, 16, 2956694780, 1643119345),
(170, 8, 2956694780, 1643119345),
(171, 17, 2956694780, 1643119345),
(172, 22, 2956694780, 1643119345),
(173, 19, 2956694780, 1643119345),
(174, 23, 2956694780, 1643119345),
(175, 21, 2956694780, 1643119345),
(176, 20, 2956694780, 1643119345),
(177, 18, 633375760, 1643185103),
(178, 22, 633375760, 1643185103),
(179, 23, 633375760, 1643185103);

-- --------------------------------------------------------

--
-- Структура таблицы `users`
--

CREATE TABLE IF NOT EXISTS `users` (
  `user_id` int(11) UNSIGNED NOT NULL AUTO_INCREMENT,
  `user_login` varchar(30) NOT NULL,
  `user_password` varchar(32) NOT NULL,
  `user_hash` varchar(32) NOT NULL DEFAULT '',
  `user_polls` varchar(64) DEFAULT NULL,
  `user_polls2` varchar(64) DEFAULT NULL,
  `user_ip` int(10) UNSIGNED NOT NULL DEFAULT '0',
  PRIMARY KEY (`user_id`)
) ENGINE=InnoDB AUTO_INCREMENT=25 DEFAULT CHARSET=utf8;

--
-- Дамп данных таблицы `users`
--

INSERT INTO `users` (`user_id`, `user_login`, `user_password`, `user_hash`, `user_polls`, `user_polls2`, `user_ip`) VALUES
(3, 'admin', 'c3284d0f94606de1fd2af172aba15bf3', 'fa066b139e7a4bbaa2bb070dbb4da897', 'Без закрепления', NULL, 1600699915),
(4, 'test2', '4ff9018a647ae315a7e6601a818b4940', '2ed06cc6c90e59c24c4638f70c32a2ce', 'Матвеев Никита', NULL, 1840148650),
(5, 'sgubt', '24be864229a5b92ae6d10b244a8f8169', 'a17490640173cb0d0f099e72be4660a5', 'Матвеев Никита', 'Без закрепления', 2956690177),
(6, 'nke', 'ccd1a7b5aaaa77d54c28f9cc87e798c7', '3b8b68f601d1b16268359328a040a50e', 'Трагикомедия ', 'Без закрепления', 0),
(7, 'npe', '7e411534a728dc5b5e5ce764b25609b5', '81a843d2303434c26b4bdbaef1a3e6a8', 'Молодина Анна', 'Без закрепления', 2956691279),
(8, 'ran', 'd76d3c0fd1b96e7c71f8980208f4f8b8', '34e2b8892d5ce9e601ac7f764795d2f8', 'Снимки', 'Камзычакова Юлия', 3579306283),
(9, 'npit', '2602d94d781e3329ec815630a6945597', '25196ded7b2ec3888a30b1586e30067d', 'Без закрепления', 'Без закрепления', 1500613848),
(10, 'bpk', 'b28a56884d9d51752b68f0e4ad56e300', '37a7e5d51dfece3a4906bc93c03e762f', 'Без закрепления', 'Без закрепления', 3579281302),
(11, 'ngua', 'd3420a571fa8e9ce0dd5f9a0bca966d2', '', 'Без закрепления', 'Без закрепления', 0),
(12, 'ngue', '31cfdb24a45179f47815e9d3636b2c63', 'bd17feff8ffa3ca4baf6c587bb7f284d', 'Дугина Дарья ', 'Рябцева Екатерина', 1500612809),
(14, 'ttl', 'eb21229604c30e64e65bb4372fbc4770', 'dbcf4b1b9dd276c8b946731993fe7090', 'Народный коллектив вокальная группа “Триумф”', 'Без закрепления', 1840148650),
(15, 'sibg', '9b3c5f58ea8f6c1177965d62a3358792', 'c66cc263e82536cbd52478280f63f6ec', 'Септима ', 'Без закрепления', 2956690545),
(16, 'gtu', 'c9f156f5fb5325105880e1299cef15b9', '306af2a0d0f0e6331b21bb4d2a3e2374', 'Киль Анна', 'Трио Лароль', 0),
(17, 'gpu', '35678a903347be83b07ffd9374a819c1', '0ffc711725e0bb66d2943c8c532c811f', 'Дудина Валерия', 'Шпедт Дарья', 1500612615),
(18, 'kii', 'ab6d0f0fc192fa8c31e245e92ea71fc5', '792e879dc26645b9e81e96c3616f4f1a', 'Без закрепления', 'Без закрепления', 2956689418),
(19, 'ppt', '8187c64d8f26b8c031c637b8e645f433', '', 'Без закрепления', 'Без закрепления', 0),
(20, 'sib', 'aac021ef78110105b9f85edd32c094f7', '', 'Без закрепления', 'Без закрепления', 0),
(21, 'ngau', 'cbaadd42b44b8dfb335910431011691e', '98813592c51707a4b68aab9f0bf537e1', 'Эстрадно-вокальный коллектив НГАУ', 'Вокально-инструментальный ансамбль НГАУ', 2956694780),
(22, 'ups', '038957c914250c0eac5e86086db42de5', '10ca618c51aedf64fd4d12478f4d0571', 'Чжан Денис Лэй', 'Захожая Ирина ', 0),
(23, 'tek', 'a79e9bc0819079e8e7fd1af4e02434a0', '28adaa24fbaf07cc42119579a4d4d112', 'Без закрепления', 'Без закрепления', 0),
(24, 'sib2', 'eb1ba61869970ea2ffb735ee63da8e27', 'bb7edf513e77d3c043852099dc94cb07', 'Без закрепления', 'Без закрепления', 0);

/*!40101 SET CHARACTER_SET_CLIENT=@OLD_CHARACTER_SET_CLIENT */;
/*!40101 SET CHARACTER_SET_RESULTS=@OLD_CHARACTER_SET_RESULTS */;
/*!40101 SET COLLATION_CONNECTION=@OLD_COLLATION_CONNECTION */;
